"","formula","(Intercept)","commons","ph","potasio","sr.spr","sr.sum","transh","nitrogeno","cic","fosforo","df","logLik","AIC","delta","weight"
"1","1 + sr.spr + sr.sum + ph + potasio + (commons + transh)",-34.6558894166055,"+",27.2194907971818,-0.207201454915948,20.5191071726721,-18.5504584496945,"+",,,,10,-212.349949679797,444.699899359594,0,0.357521221435616
"2","1 + sr.sum + ph + potasio + (commons + transh)",-23.0563467554985,"+",23.8037912993193,-0.19285915100823,,-11.6713142213473,"+",,,,9,-213.886981335017,445.773962670034,1.0740633104395,0.208964225156146
"3","1 + sr.spr + sr.sum + ph + potasio + nitrogeno + (commons + transh)",-33.0648433026124,"+",26.4282936738636,-0.199666017386913,23.0548552140755,-18.8502689701453,"+",5.75130409212112,,,11,-212.154958906346,446.309917812692,1.61001845309784,0.159841946796273
"4","1 + sr.spr + sr.sum + cic + ph + potasio + (commons + transh)",-35.8553476054611,"+",26.974986719748,-0.210109334014481,21.1194709846729,-18.6939581212605,"+",,0.208115238494309,,11,-212.276201599908,446.552403199817,1.85250384022248,0.141591025628328
"5","1 + sr.spr + sr.sum + fosforo + ph + potasio + (commons + transh)",-37.5000597853041,"+",27.5427580195531,-0.207099319420073,20.6009536488485,-18.5805296855163,"+",,,0.0156524666243387,11,-212.345724631394,446.691449262788,1.99154990319369,0.132081580983636
