"","formula","(Intercept)","commons","sr.aut","transh","cic","nitrogeno","ph","fosforo","potasio","sr.spr","df","logLik","AIC","delta","weight"
"1","1 + sr.aut + (commons + transh)",25.2067189645021,"+",-2.74933404933086,"+",,,,,,,7,-171.919971959795,357.83994391959,0,0.243018577535587
"2","1 + sr.aut + cic + (commons + transh)",30.4015209820987,"+",-2.68819824757008,"+",-0.311664396276197,,,,,,8,-171.376386786005,358.752773572011,0.912829652421465,0.15396465529051
"3","1 + sr.aut + cic + nitrogeno + (commons + transh)",32.6989425775308,"+",-2.63044677638779,"+",-0.593172718493212,7.02729163772368,,,,,9,-170.584172359109,359.168344718219,1.32840079862945,0.125077993642547
"4","1 + sr.aut + ph + (commons + transh)",37.087317310032,"+",-2.59499080217019,"+",,,-1.6617507938961,,,,8,-171.801302264705,359.602604529409,1.76266060981993,0.100665947664146
"5","1 + sr.aut + fosforo + (commons + transh)",23.6789558010139,"+",-2.64270931090332,"+",,,,0.0401836851974581,,,8,-171.813810495244,359.627620990488,1.78767707089816,0.0994146369393644
"6","1 + sr.aut + nitrogeno + (commons + transh)",24.6534491862547,"+",-2.74874928567324,"+",,1.62355269413788,,,,,8,-171.855711704864,359.711423409728,1.87147949013809,0.095335108834176
"7","1 + sr.aut + potasio + (commons + transh)",26.2304870373354,"+",-2.78835339634712,"+",,,,,-0.00522934817165561,,8,-171.884795591852,359.769591183705,1.92964726411543,0.0926023259071381
"8","1 + sr.spr + sr.aut + (commons + transh)",25.3047309009478,"+",-2.6552842296821,"+",,,,,,-0.366253709161439,8,-171.914181077561,359.828362155122,1.98841823553227,0.0899207541865314
