"","formula","(Intercept)","cic","commons","transh","potasio","nitrogeno","sr.sum","fosforo","sr.spr","ph","df","logLik","AIC","delta","weight"
"1","1 + cic + (commons + transh)",1.24772833113922,0.0321659206628525,"+","+",,,,,,,7,-21.6175502510326,57.2351005020653,0,0.273970475871145
"2","1 + cic + potasio + (commons + transh)",1.16619481197909,0.0292162397642843,"+","+",0.00078104226609976,,,,,,8,-21.2835593182343,58.5671186364686,1.33201813440331,0.140753661527391
"3","1 + cic + nitrogeno + (commons + transh)",1.17234368922703,0.0410388121014499,"+","+",,-0.22526888141616,,,,,8,-21.3157938975084,58.6315877950167,1.39648729295147,0.136288873345944
"4","1 + sr.sum + cic + (commons + transh)",1.37299059364814,0.0314845959529469,"+","+",,,-0.026115152075403,,,,8,-21.4637780862908,58.9275561725817,1.6924556705164,0.117541623455423
"5","1 + cic + fosforo + (commons + transh)",1.28028119263268,0.034271071992505,"+","+",,,,-0.00216539976837986,,,8,-21.4910876367367,58.9821752734735,1.74707477140822,0.114375050209205
"6","1 + sr.spr + cic + (commons + transh)",1.32873295942969,0.0311783289514536,"+","+",,,,,-0.0701832039780571,,8,-21.4968034411705,58.9936068823409,1.75850638027566,0.113723169575986
"7","1 + cic + ph + (commons + transh)",0.981358245723029,0.0317682890611972,"+","+",,,,,,0.0370072975797935,8,-21.59247692833,59.1849538566601,1.94985335459479,0.103347146014906
