"","formula","(Intercept)","commons","ph","potasio","sr.spr","sr.sum","transh","nitrogeno","cic","fosforo","df","logLik","AIC","delta","weight"
"1","1 + sr.spr + sr.sum + ph + potasio + (commons + transh)",-34.6558894165693,"+",27.2194907971755,-0.207201454915931,20.51910717267,-18.5504584496924,"+",,,,10,-212.349949679797,444.699899359594,0,0.357521221435611
"2","1 + sr.sum + ph + potasio + (commons + transh)",-23.0563467555167,"+",23.803791299322,-0.192859151008231,,-11.6713142213476,"+",,,,9,-213.886981335017,445.773962670034,1.07406331043944,0.208964225156149
"3","1 + sr.spr + sr.sum + ph + potasio + nitrogeno + (commons + transh)",-33.0648433025868,"+",26.4282936738588,-0.199666017386897,23.0548552140736,-18.8502689701435,"+",5.75130409212242,,,11,-212.154958906346,446.309917812692,1.61001845309784,0.159841946796271
"4","1 + sr.spr + sr.sum + cic + ph + potasio + (commons + transh)",-35.8553476054067,"+",26.9749867197388,-0.210109334014461,21.1194709846699,-18.6939581212577,"+",,0.208115238494364,,11,-212.276201599908,446.552403199817,1.85250384022243,0.14159102562833
"5","1 + sr.spr + sr.sum + fosforo + ph + potasio + (commons + transh)",-37.5000597853013,"+",27.5427580195522,-0.207099319420067,20.600953648847,-18.5805296855154,"+",,,0.0156524666243425,11,-212.345724631394,446.691449262788,1.99154990319363,0.132081580983638
